{
  "overall_score": 0.27232142857142855,
  "pass_rate": 0.42857142857142855,
  "metrics": {
    "acf_returns": 0.21208693453853456,
    "volatility_clustering": 0.09340585532799654,
    "leverage_effect": 0.13164516443786667,
    "cross_correlation": 0.4903658124390117,
    "drawdown_distribution": 0.5257142857142857,
    "marginal_ks": 0.14889285714285713,
    "energy_distance": 0.4234080106020421,
    "tail_quantiles": 1.0997488585289525,
    "pearson_corr": 0.4903658124390117,
    "spearman_corr": 0.5021825508192895,
    "copula_distance": 0.05783666082037313,
    "tail_dependence_upper": 0.14659356864172451,
    "tail_dependence_lower": 0.10095109386723354,
    "correlation_breakdown": 0.45983876941608914
  }
}